[
	{
	  "inputs": [
		{
		  "internalType": "address",
		  "name": "_transferAddress",
		  "type": "address"
		}
	  ],
	  "payable": false,
	  "stateMutability": "nonpayable",
	  "type": "constructor"
	},
	{
	  "anonymous": false,
	  "inputs": [
		{
		  "indexed": true,
		  "internalType": "uint256",
		  "name": "bet",
		  "type": "uint256"
		},
		{
		  "indexed": false,
		  "internalType": "uint256",
		  "name": "amount",
		  "type": "uint256"
		},
		{
		  "indexed": false,
		  "internalType": "address",
		  "name": "account",
		  "type": "address"
		},
		{
		  "indexed": false,
		  "internalType": "uint256",
		  "name": "seed",
		  "type": "uint256"
		},
		{
		  "indexed": false,
		  "internalType": "uint256",
		  "name": "nonce",
		  "type": "uint256"
		}
	  ],
	  "name": "Bet",
	  "type": "event"
	},
	{
	  "anonymous": false,
	  "inputs": [
		{
		  "indexed": true,
		  "internalType": "address",
		  "name": "previousOwner",
		  "type": "address"
		},
		{
		  "indexed": true,
		  "internalType": "address",
		  "name": "newOwner",
		  "type": "address"
		}
	  ],
	  "name": "OwnershipTransferred",
	  "type": "event"
	},
	{
	  "constant": true,
	  "inputs": [],
	  "name": "authAddress",
	  "outputs": [
		{
		  "internalType": "address",
		  "name": "",
		  "type": "address"
		}
	  ],
	  "payable": false,
	  "stateMutability": "view",
	  "type": "function"
	},
	{
	  "constant": true,
	  "inputs": [
		{
		  "internalType": "uint256",
		  "name": "",
		  "type": "uint256"
		}
	  ],
	  "name": "claimedBet",
	  "outputs": [
		{
		  "internalType": "address payable",
		  "name": "",
		  "type": "address"
		}
	  ],
	  "payable": false,
	  "stateMutability": "view",
	  "type": "function"
	},
	{
	  "constant": true,
	  "inputs": [
		{
		  "internalType": "uint256",
		  "name": "",
		  "type": "uint256"
		}
	  ],
	  "name": "claimedBetAmount",
	  "outputs": [
		{
		  "internalType": "uint256",
		  "name": "",
		  "type": "uint256"
		}
	  ],
	  "payable": false,
	  "stateMutability": "view",
	  "type": "function"
	},
	{
	  "constant": true,
	  "inputs": [],
	  "name": "isOwner",
	  "outputs": [
		{
		  "internalType": "bool",
		  "name": "",
		  "type": "bool"
		}
	  ],
	  "payable": false,
	  "stateMutability": "view",
	  "type": "function"
	},
	{
	  "constant": true,
	  "inputs": [],
	  "name": "owner",
	  "outputs": [
		{
		  "internalType": "address",
		  "name": "",
		  "type": "address"
		}
	  ],
	  "payable": false,
	  "stateMutability": "view",
	  "type": "function"
	},
	{
	  "constant": false,
	  "inputs": [
		{
		  "internalType": "address",
		  "name": "nftAsset",
		  "type": "address"
		},
		{
		  "internalType": "uint256",
		  "name": "id",
		  "type": "uint256"
		},
		{
		  "internalType": "uint256",
		  "name": "nftAmount",
		  "type": "uint256"
		},
		{
		  "internalType": "uint256",
		  "name": "bet",
		  "type": "uint256"
		},
		{
		  "internalType": "uint8",
		  "name": "v",
		  "type": "uint8"
		},
		{
		  "internalType": "bytes32",
		  "name": "r",
		  "type": "bytes32"
		},
		{
		  "internalType": "bytes32",
		  "name": "s",
		  "type": "bytes32"
		}
	  ],
	  "name": "redeem",
	  "outputs": [],
	  "payable": false,
	  "stateMutability": "nonpayable",
	  "type": "function"
	},
	{
	  "constant": false,
	  "inputs": [],
	  "name": "renounceOwnership",
	  "outputs": [],
	  "payable": false,
	  "stateMutability": "nonpayable",
	  "type": "function"
	},
	{
	  "constant": false,
	  "inputs": [
		{
		  "internalType": "address",
		  "name": "_address",
		  "type": "address"
		}
	  ],
	  "name": "setAuthAddress",
	  "outputs": [],
	  "payable": false,
	  "stateMutability": "nonpayable",
	  "type": "function"
	},
	{
	  "constant": false,
	  "inputs": [
		{
		  "internalType": "address",
		  "name": "_address",
		  "type": "address"
		}
	  ],
	  "name": "setTransferAddress",
	  "outputs": [],
	  "payable": false,
	  "stateMutability": "nonpayable",
	  "type": "function"
	},
	{
	  "constant": false,
	  "inputs": [
		{
		  "internalType": "uint256",
		  "name": "seed",
		  "type": "uint256"
		},
		{
		  "internalType": "uint256",
		  "name": "bets",
		  "type": "uint256"
		},
		{
		  "internalType": "address",
		  "name": "nftAsset",
		  "type": "address"
		},
		{
		  "internalType": "uint8",
		  "name": "v",
		  "type": "uint8"
		},
		{
		  "internalType": "bytes32",
		  "name": "r",
		  "type": "bytes32"
		},
		{
		  "internalType": "bytes32",
		  "name": "s",
		  "type": "bytes32"
		}
	  ],
	  "name": "submitBet",
	  "outputs": [],
	  "payable": true,
	  "stateMutability": "payable",
	  "type": "function"
	},
	{
	  "constant": true,
	  "inputs": [],
	  "name": "totalBets",
	  "outputs": [
		{
		  "internalType": "uint256",
		  "name": "",
		  "type": "uint256"
		}
	  ],
	  "payable": false,
	  "stateMutability": "view",
	  "type": "function"
	},
	{
	  "constant": true,
	  "inputs": [],
	  "name": "transferAddress",
	  "outputs": [
		{
		  "internalType": "address",
		  "name": "",
		  "type": "address"
		}
	  ],
	  "payable": false,
	  "stateMutability": "view",
	  "type": "function"
	},
	{
	  "constant": false,
	  "inputs": [
		{
		  "internalType": "address",
		  "name": "newOwner",
		  "type": "address"
		}
	  ],
	  "name": "transferOwnership",
	  "outputs": [],
	  "payable": false,
	  "stateMutability": "nonpayable",
	  "type": "function"
	}
  ]
  